W125850074500001,4960,TAMIL NADU,Chennai,CHENNAI,Adyar,13.0192,80.2679,2021,7.71,973,0.00,244,135,134,5,,370,44,63,59,18,0.82,,,0.59
W130130080153001,4961,TAMIL NADU,Chennai,CHENNAI,Alwarpet,13.0395,80.2584,2021,7.46,629,0.00,165,110,16,2,,170,50,11,58,5,0.84,,,2.06
W130005080161201,4962,TAMIL NADU,Chennai,CHENNAI,Besant Nagar,13.0007,80.2669,2021,7.50,660,0.00,183,114,45,3,,240,60,22,38,17,0.30,,,0.79
W130120080133002,4963,TAMIL NADU,Chennai,CHENNAI,Guindy(CLRI),13.0070,80.2409,2021,7.04,608,0.00,171,103,27,4,,175,46,15,57,5,0.92,,,1.71
W130230080123001,4964,TAMIL NADU,Chennai,CHENNAI,K.K.Nagar,13.0430,80.2056,2021,7.69,856,0.00,207,121,135,6,,310,52,44,59,12,0.82,,,1.29
W095515077530001,4965,TAMIL NADU,Chennai,CHENNAI,Tirumangalam,13.0891,80.1977,2021,7.19,636,0.00,165,121,22,4,,155,30,19,70,5,0.89,,,3.25
W130700080163001,4966,TAMIL NADU,Chennai,CHENNAI,Tondiarpet,13.1294,80.2914,2021,7.60,2130,0.00,445,447,49,20,,350,72,41,265,76,0.27,,,0.26
W130500080161501,4967,TAMIL NADU,Chennai,CHENNAI,Vepery,13.0870,80.2681,2021,7.90,3460,0.00,689,639,263,1,,440,64,68,588,26,1.03,,,3.40
W113345079353001,4968,TAMIL NADU,Cuddalore,KURINJIPADI,Kurinjipadi,11.5625,79.5917,2021,7.84,1049,0.00,268,128,85,23,,330,82,30,79,4,1.16,,,6.35
W084400077440001,4969,TAMIL NADU,Cuddalore,KEERAPALAYAM,Palayamkottai,11.3619,79.4669,2021,7.10,1069,0.00,268,135,75,20,,340,92,27,65,27,1.15,,,3.36
W113155079354801,4970,TAMIL NADU,Cuddalore,KURINJIPADI,Reddipalayam pz,11.5394,79.5914,2021,7.89,1099,0.00,183,142,152,0,,360,92,32,86,4,0.78,,,1.66
W112800079380001,4971,TAMIL NADU,Cuddalore,MELBHUVANAGIRI,Sethiathope,11.4667,79.5500,2021,8.32,989,0.00,299,92,89,6,,220,32,34,109,1,0.45,,,0.89
W111820079353801,4972,TAMIL NADU,Cuddalore,KUMARATCHI,Veeranatham,11.3058,79.5939,2021,8.08,2750,0.00,561,484,153,9,,550,48,105,304,3,0.80,,,8.37
W115625078240601,4973,TAMIL NADU,Dharmapuri,PAPPIREDDIPATTI,A.Pallipatti,11.9403,78.4017,2021,7.80,3150,0.00,451,503,335,66,,780,184,78,231,62,0.40,,,7.19
W085548076590701,4974,TAMIL NADU,Dharmapuri,DHARMAPURI,Bharathipuram,12.1172,78.1531,2021,7.80,1652,0.00,433,191,151,59,,620,92,95,62,2,0.54,,,3.78
W120000078150001,4975,TAMIL NADU,Dharmapuri,NALLAMPALLI,Bommidimalapurm,12.1353,78.0600,2021,7.00,1366,0.00,415,170,74,46,,570,112,70,29,3,0.72,,,1.46
W120725077483001,4976,TAMIL NADU,Dharmapuri,PENNAGARAM,Hogenakkal,12.1192,77.7811,2021,7.90,1300,0.00,476,128,116,3,,300,36,51,180,1,0.79,,,1.04
W121545078180001,4977,TAMIL NADU,Dharmapuri,MORAPPUR,Irumattur,12.2625,78.3003,2021,7.70,2600,0.00,378,503,181,11,,660,156,66,218,1,0.80,,,3.36
W115840078394501,4978,TAMIL NADU,Dharmapuri,PERANAMBUT,Kottapatti,12.9867,78.6714,2021,7.60,1719,0.00,415,213,237,48,,710,40,148,65,2,0.58,,,21.50
W120725078235201,4979,TAMIL NADU,Dharmapuri,MORAPPUR,Morappur,12.1156,78.4025,2021,7.40,1721,0.00,378,291,26,62,,500,68,80,156,1,0.96,,,0.98
W120551078374401,4980,TAMIL NADU,Dharmapuri,NALLAMPALLI,Mullaivanam,12.0975,78.1289,2021,7.40,354,0.00,67,50,41,3,,130,28,15,14,1,0.18,,,0.32
W120800077590001,4981,TAMIL NADU,Dharmapuri,PENNAGARAM,Nagadasampatti,12.1358,77.9906,2021,7.20,2950,0.00,317,468,248,55,,960,164,134,131,1,0.69,,,7.61
W120830078173001,4982,TAMIL NADU,Dharmapuri,MORAPPUR,Odasalapatti,12.1425,78.2917,2021,7.50,2420,0.00,464,362,186,81,,780,92,134,139,1,1.46,,,3.94
W120830078173001,4983,TAMIL NADU,Dharmapuri,MORAPPUR,Odasalapatti,12.1425,78.2917,2021,7.50,2420,0.00,464,362,186,81,,780,92,134,139,1,1.46,,,3.94
W113132078030001,4984,TAMIL NADU,Dharmapuri,PENNAGARAM,Papparapatti,12.2147,78.0564,2021,7.50,1472,0.00,549,170,98,6,,490,36,97,131,1,1.41,,,2.17
W120147077483601,4985,TAMIL NADU,Dharmapuri,PENNAGARAM,Pattakarankottai (Jarimankuric,y1)2 O.0W275,77.8103,2021,7.80,1746,0.00,476,145,168,45,,660,140,75,97,0,0.73,,,5.45
W120309078165001,4986,TAMIL NADU,Dharmapuri,MORAPPUR,Sillarahalli,12.0519,78.2792,2021,7.90,2330,0.00,512,305,189,62,,770,72,143,161,2,1.45,,,4.88
W120605078352101,4987,TAMIL NADU,Dharmapuri,HARUR,Theerthamalai,12.1036,78.5889,2021,7.70,3590,0.00,598,475,240,49,,1120,268,109,176,2,1.34,,,13.60
W102845078110001,4988,TAMIL NADU,Dindugal,VADAMADURAI,Ayyalur,10.4822,78.1672,2021,7.87,1137,0.00,348,145,72,18,,375,40,67,94,4,0.32,,,5.20
W102800077393001,4989,TAMIL NADU,Dindugal,ODDANCHATRAM,Chattrapatti,10.4667,77.6583,2021,8.00,2720,0.00,134,744,72,195,,950,232,90,198,5,0.08,,,0.86
W102200077581501,4990,TAMIL NADU,Dindugal,DINDIGUL,Dindigul2,10.3667,77.9708,2021,7.90,1890,0.00,567,195,144,70,,480,74,72,212,11,1.14,,,1.76
W101530077553001,4991,TAMIL NADU,Dindugal,ATHOOR,Gandhigram,10.2583,77.9250,2021,7.70,1250,0.00,317,174,74,57,,325,88,26,133,8,0.60,,,4.27
W104050078065601,4992,TAMIL NADU,Dindugal,GUZILIAMPARAI,Guzilamparai,10.6806,78.1156,2021,7.79,1745,0.00,397,230,130,101,,395,114,27,214,9,0.25,,,4.71
W102105077594001,4993,TAMIL NADU,Dindugal,DINDIGUL,Hanumanthanagar,10.3514,77.9944,2021,7.50,360,0.00,134,28,43,2,,100,28,7,40,6,0.42,,,1.06
W104530078020001,4994,TAMIL NADU,Dindugal,GUZILIAMPARAI,Idayapatti,10.7583,78.0333,2021,7.60,1280,0.00,323,170,110,20,,310,62,38,143,16,0.62,,,6.13
W104017077593101,4995,TAMIL NADU,Dindugal,GUZILIAMPARAI,Kakkinapatti,10.6714,77.9922,2021,7.85,1363,0.00,378,209,48,24,,495,126,44,83,8,0.32,,,2.04
W102830077340001,4996,TAMIL NADU,Dindugal,PALANI,Kanakkanpatti,10.4750,77.5667,2021,7.86,4030,0.00,751,638,326,218,,1000,144,156,465,22,0.52,,,1.74
W101405077290001,4997,TAMIL NADU,Dindugal,KODAIKANAL,Kodaikanal,10.2347,77.4833,2021,7.46,146,0.00,37,25,10,1,,40,10,4,14,0,0.07,,,0.01
W104337078082101,4998,TAMIL NADU,Dindugal,GUZILIAMPARAI,Muthampattipalayam,10.7272,78.1392,2021,7.92,3230,0.00,561,603,202,175,,815,186,85,380,22,0.83,,,5.44
W102232077590701,4999,TAMIL NADU,Dindugal,KODAIKANAL,Nandavanampatti,10.2256,77.5929,2021,7.87,2440,0.00,616,397,158,9,,510,120,51,322,24,0.63,,,2.30
W102915077451501,5000,TAMIL NADU,Dindugal,ODDANCHATRAM,Oodanchatram,10.4875,77.7542,2021,7.43,2530,0.00,592,468,43,99,,750,144,95,235,5,0.44,,,1.82
W102915077451501,5001,TAMIL NADU,Dindugal,ODDANCHATRAM,Oodanchatram,10.4880,77.7577,2021,7.49,2650,0.00,488,425,192,192,,1080,128,185,120,5,0.18,,,0.20
W102756077482001,5002,TAMIL NADU,Dindugal,REDDIARCHATRAM,Palakanthu,10.4658,77.8056,2021,7.60,1667,0.00,482,181,53,122,,555,112,67,115,6,1.45,,,1.49
W102600077304501,5003,TAMIL NADU,Dindugal,PALANI,Palani2,10.4333,77.5125,2021,8.14,307,0.00,85,39,24,5,,95,30,5,25,6,0.41,,,0.02
W101605077323001,5004,TAMIL NADU,Dindugal,KODAIKANAL,Perumal Malai,10.2681,77.5417,2021,7.80,55,0.00,18,7,5,1,,20,6,1,5,1,0.32,,,0.01
W102742077422101,5005,TAMIL NADU,Dindugal,ODDANCHATRAM,Pudu Ettama Nayakar Patti,10.4619,77.7061,2021,7.00,1789,0.00,470,177,58,189,,620,88,97,103,5,1.17,,,0.02
W102500077514001,5006,TAMIL NADU,Dindugal,REDDIARCHATRAM,Reddiarchattram,10.4167,77.8611,2021,7.70,1342,0.00,464,131,47,70,,380,68,51,129,6,0.23,,,2.06
W102500077514001,5007,TAMIL NADU,Dindugal,REDDIARCHATRAM,Reddiarchattram,10.4167,77.8611,2021,7.80,1329,0.00,354,156,82,102,,495,130,41,83,2,0.96,,,2.06
W104450078053001,5008,TAMIL NADU,Dindugal,GUZILIAMPARAI,Servaikaranpatti,10.7416,78.1041,2021,7.60,2710,0.00,226,794,67,27,,1130,120,202,115,8,0.88,,,16.73
W102023078052401,5009,TAMIL NADU,Dindugal,VADAMADURAI,Siluvathur OW,10.4383,78.0855,2021,7.86,1200,0.00,336,152,96,15,,345,72,40,115,5,0.98,,,10.87
W102734078013701,5010,TAMIL NADU,Dindugal,VADAMADURAI,Sundarapuri,10.4597,78.0272,2021,8.20,1094,0.00,366,128,43,21,,350,40,61,83,12,0.10,,,5.46
W102419078024301,5011,TAMIL NADU,Dindugal,DINDIGUL,Thamaraipadi,10.4053,78.0453,2021,7.81,4180,0.00,928,681,240,161,,890,220,83,552,16,0.29,,,3.00
W103524077313701,5012,TAMIL NADU,Dindugal,THOPPAMAPATTI,Thoppampatti,10.5900,77.5269,2021,7.80,2340,0.00,366,553,34,99,,690,78,120,221,14,0.90,,,1.75
W103200077311501,5013,TAMIL NADU,Dindugal,THOPPAMAPATTI,Thumbalapatti,10.5333,77.5208,2021,7.68,1291,0.00,549,78,43,50,,425,20,91,92,12,0.53,,,0.22
W102130078060001,5014,TAMIL NADU,Dindugal,VADAMADURAI,Vadamadurai,10.4422,78.1030,2021,7.23,2360,0.00,323,418,221,149,,610,144,61,276,4,0.38,,,1.74
W102130078060001,5015,TAMIL NADU,Dindugal,SHANARPATTI,Vadamadurai,10.3583,78.1000,2021,7.76,2490,0.00,421,440,154,109,,740,196,61,219,4,0.28,,,1.59
W103244078041801,5016,TAMIL NADU,Dindugal,VEDASANDUR,Vaivespuram,10.5458,78.0719,2021,8.00,2270,0.00,281,362,206,231,,660,100,100,216,12,0.23,,,13.18
W103150077571001,5017,TAMIL NADU,Dindugal,VEDASANDUR,Vedasandur2,10.5306,77.9528,2021,7.77,4160,0.00,488,1028,202,5,,1060,68,216,460,13,0.71,,,4.74
W122400079463001,5018,TAMIL NADU,Kancheepuram,ARCHARAPAKKAM,Acharapakkam,12.4064,79.8133,2021,7.81,1020,0.00,384,142,3,1,,390,84,44,37,1,1.04,,,0.50
W125407080145801,5019,TAMIL NADU,Kancheepuram,ST_THOMAUS_MT,Akkarai,12.9020,80.2494,2021,7.48,853,0.00,256,121,46,57,,310,52,44,54,17,0.12,,,2.49
W123353079434501,5020,TAMIL NADU,Kancheepuram,UTHIRAMERUR,Arasanimangalam,12.5689,79.7233,2021,7.10,1150,0.00,299,145,60,70,,380,100,32,64,1,0.52,,,1.59
W113530078351001,5021,TAMIL NADU,Kancheepuram,ARCHARAPAKKAM,Athur,12.4064,79.8133,2021,7.20,1422,0.00,323,248,50,40,,450,64,70,99,1,1.15,,,3.00
W125148080133401,5022,TAMIL NADU,Kancheepuram,ST_THOMAUS_MT,Chemmancheri,12.8633,80.2261,2021,7.45,764,0.00,92,114,108,34,,190,20,34,69,40,0.37,,,0.18
W125626080081501,5023,TAMIL NADU,Kancheepuram,ST_THOMAUS_MT,Chitlapakkam,12.9403,80.1378,2021,7.42,497,0.00,134,60,16,50,,165,24,26,36,1,0.17,,,0.28
W125705080082101,5024,TAMIL NADU,Kancheepuram,ST_THOMAUS_MT,Chrompet,12.9500,80.1338,2021,7.09,1761,0.00,525,312,29,7,,530,76,83,169,4,0.91,,,1.04
W121530079543001,5025,TAMIL NADU,Kancheepuram,CHITAMUR,Chunamedu,12.2586,79.9028,2021,7.11,485,0.00,226,28,2,21,,160,32,19,36,0,0.40,,,0.47
W125030080040001,5026,TAMIL NADU,Kancheepuram,KATTANKOLATHUR,Guduvancheri,12.8439,80.0622,2021,7.15,1360,0.00,275,220,10,99,,420,120,29,96,30,0.69,,,0.73
W125000079423001,5027,TAMIL NADU,Kancheepuram,KANCHEEPURAM,Kancheepuram,12.8336,79.7025,2021,7.80,3930,0.00,1110,596,8,72,,140,32,15,722,23,1.76,,,111.00
W125743080110301,5028,TAMIL NADU,Kancheepuram,ST_THOMAUS_MT,Kilkattalai,12.9574,80.1785,2021,7.40,1616,0.00,336,305,78,39,,460,120,39,153,4,0.55,,,0.78
W125207080063701,5029,TAMIL NADU,Kancheepuram,KATTANKOLATHUR,Kolapakkam,12.8687,80.1101,2021,7.38,1824,0.00,397,312,73,98,,480,116,46,199,2,0.64,,,1.69
W122050079543001,5030,TAMIL NADU,Kancheepuram,CHITAMUR,Kolathanallur,12.3506,79.9014,2021,7.64,962,0.00,268,163,6,19,,250,44,34,104,2,0.90,,,0.47
W125356080093801,5031,TAMIL NADU,Kancheepuram,ST_THOMAUS_MT,Madambakkam,12.9008,80.1615,2021,7.38,1960,0.00,445,369,44,26,,490,104,56,214,3,0.78,,,2.52
W123730080113001,5032,TAMIL NADU,Kancheepuram,THIRUKALUKUNDRUM,Mahabalipuram,12.6158,80.1925,2021,7.55,443,0.00,128,57,54,3,,190,24,32,17,6,0.59,,,0.15
W125539080023401,5033,TAMIL NADU,Kancheepuram,KUNDRATHUR,Manimangalam,12.9190,80.0424,2021,7.54,2100,0.00,628,277,40,146,,330,92,24,169,268,0.97,,,0.96
W125324080041101,5034,TAMIL NADU,Kancheepuram,THIRUPORUR,Mannivakkam,12.8922,80.8019,2021,7.00,1016,0.00,201,160,56,35,,370,76,44,37,2,0.38,,,0.38
W125330080040801,5035,TAMIL NADU,Kancheepuram,KATTANKOLATHUR,Mudichur,12.8943,80.0645,2021,7.40,1710,0.00,403,291,52,65,,430,140,19,182,21,0.37,,,0.29
W125822080091601,5036,TAMIL NADU,Kancheepuram,ST_THOMAUS_MT,Pallavaram,12.9814,80.1560,2021,7.27,2090,0.00,397,391,106,40,,510,132,44,217,2,0.89,,,6.92
W125500080063001,5037,TAMIL NADU,Kancheepuram,ST_THOMAUS_MT,Perungulathur,12.9173,80.0856,2021,7.32,2690,0.00,622,518,71,53,,440,80,58,402,4,1.11,,,2.33
W125120080101001,5038,TAMIL NADU,Kancheepuram,THIRUPORUR,Ponmar,12.8338,80.1667,2021,7.52,909,0.00,220,170,35,2,,340,64,44,52,5,0.20,,,0.00
W123800079500001,5039,TAMIL NADU,Kancheepuram,UTHIRAMERUR,Rettamangalam,12.6300,79.8336,2021,7.10,840,0.00,305,57,30,25,,230,76,10,54,0,0.99,,,1.67
W123113080090601,5040,TAMIL NADU,Kancheepuram,THIRUKALUKUNDRUM,Sadras,12.5269,80.1622,2021,7.82,1328,0.00,329,178,122,73,,460,128,34,90,21,0.70,,,7.84
W124415079503001,5041,TAMIL NADU,Kancheepuram,UTHIRAMERUR,Thirumukkudal,12.7564,79.8592,2021,7.20,640,0.00,189,71,35,37,,160,28,22,78,4,0.33,,,0.50
W123630079400001,5042,TAMIL NADU,Kancheepuram,THIRUKALUKUNDRUM,Tirukalukundram,12.6061,80.0560,2021,7.70,458,0.00,98,85,34,8,,180,24,29,23,8,0.51,,,0.56
W124345080113001,5043,TAMIL NADU,Kancheepuram,THIRUPORUR,Tiruporur,12.7318,80.1891,2021,7.86,1639,0.00,415,213,160,48,,280,24,54,255,9,1.25,,,1.66
W125210080145001,5044,TAMIL NADU,Kancheepuram,ST_THOMAUS_MT,Uthandi,12.8600,80.2417,2021,7.47,409,0.00,73,64,59,13,,140,20,22,25,8,0.53,,,0.22
W124843079563201,5045,TAMIL NADU,Kancheepuram,KUNDRATHUR,Vadakkupattu,12.8117,79.9425,2021,7.10,960,0.00,281,106,25,41,,310,72,32,40,1,0.36,,,1.56
W125400079543501,5046,TAMIL NADU,Kancheepuram,SRIPERUMBUDHUR,Vadekkal (Palnallur),12.9036,79.9139,2021,7.10,3080,0.00,366,638,155,25,,440,64,68,398,29,0.77,,,71.30
W125401080101601,5047,TAMIL NADU,Kancheepuram,ST_THOMAUS_MT,Vengaivasal,12.9004,80.1711,2021,7.29,2680,0.00,604,504,88,21,,780,164,90,239,20,0.52,,,0.26
W081500077310001,5048,TAMIL NADU,Kanyakumari,THOVALAI,Aralvaimozhi,8.2500,77.5167,2021,7.90,972,0.00,342,106,16,26,,290,88,17,77,5,0.86,,,1.00
W081530077271001,5049,TAMIL NADU,Kanyakumari,THOVALAI,Boothapandy,8.2583,77.4528,2021,7.80,1015,0.00,427,99,17,36,,250,68,19,120,4,0.77,,,3.11
W081145077180001,5050,TAMIL NADU,Kanyakumari,KURUNTHANCODE,Chettiarmadam,8.1917,77.2953,2021,7.80,250,0.00,24,50,6,13,,80,8,15,12,5,0.30,,,0.47
W081730077163001,5051,TAMIL NADU,Kanyakumari,THUCKALAY,Kattudurai,8.2839,77.2719,2021,7.30,843,0.00,85,170,20,47,,200,20,36,56,27,0.67,,,0.00
W081040077154501,5052,TAMIL NADU,Kanyakumari,KURUNTHANCODE,Kolachal,8.1778,77.2625,2021,7.10,169,0.00,37,21,13,8,,70,12,10,4,2,0.15,,,0.00
W082230077174501,5053,TAMIL NADU,Kanyakumari,THIRUVATTAR,Kulasekharan,8.3522,77.2858,2021,7.00,695,0.00,122,78,21,69,,120,32,10,60,26,0.32,,,0.00
W081320077153001,5054,TAMIL NADU,Kanyakumari,KILLIYOOR,Vellaivilai,8.2222,77.2583,2021,7.60,729,0.00,67,156,56,12,,120,20,17,86,3,0.44,,,0.08
W081330077213001,5055,TAMIL NADU,Kanyakumari,KURUNTHANCODE,Villukuri,8.2250,77.3583,2021,7.30,667,0.00,67,92,59,24,,160,36,17,38,12,0.22,,,0.00
W080620077324501,5056,TAMIL NADU,Kanyakumari,AGASTHEESWARAM,Kundal(west),8.1031,77.5439,2021,7.60,1386,0.00,250,227,141,24,,260,44,36,168,2,1.53,,,0.00
W080620077324501,5057,TAMIL NADU,Kanyakumari,AGASTHEESWARAM,Kundal(west),8.1031,77.5439,2021,7.60,1386,0.00,250,227,141,24,,260,44,36,168,2,1.53,,,0.00
W081900077123002,5058,TAMIL NADU,Kanyakumari,KILLIYOOR,Marthandam,8.3097,77.2142,2021,7.50,506,0.00,61,92,109,31,,140,16,24,26,120,0.22,,,0.00
W123400077540001,5059,TAMIL NADU,Krishnagiri,KELAMANGALAM,Anusonai,12.5717,77.8975,2021,7.26,292,0.00,118,21,18,0,,100,25,9,14,3,0.33,,,0.57
W123245078213001,5060,TAMIL NADU,Krishnagiri,BARGUR,Bargur,12.5450,78.3483,2021,7.61,2570,0.00,586,370,360,34,,660,120,88,278,17,1.80,,,46.06
W123600078112301,5061,TAMIL NADU,Krishnagiri,VEPPANAPALLI,Billanakuppam,12.6027,78.1853,2021,8.26,831,0.00,427,53,69,2,,235,30,39,99,15,1.66,,,54.20
W150025075083101,5062,TAMIL NADU,Krishnagiri,HOSUR,Hosur,12.7278,77.8278,2021,8.07,1114,0.00,378,149,72,38,,365,54,56,96,11,0.89,,,19.76
W122445078134501,5063,TAMIL NADU,Krishnagiri,KAVERIPATTANAM,Kaveripatnam,12.4197,78.2186,2021,7.86,1979,0.00,464,292,160,127,,400,104,34,210,124,0.16,,,3.24
W121958078210101,5064,TAMIL NADU,Krishnagiri,BARGUR,Konnanur,12.3328,78.3503,2021,7.57,735,0.00,329,71,37,5,,220,52,22,92,1,0.39,,,0.54
W113946076112601,5065,TAMIL NADU,Krishnagiri,KRISHNAGIRI,Krishnagiri,12.4721,78.2154,2021,7.93,1647,0.00,415,277,100,69,,410,80,51,213,13,0.80,,,17.01
W104457076323601,5066,TAMIL NADU,Krishnagiri,MATHUR,Mathur,12.3825,78.4133,2021,7.78,2940,0.00,610,441,140,251,,740,132,100,275,10,0.86,,,6.99
W123730078151501,5067,TAMIL NADU,Krishnagiri,KRISHNAGIRI,Megalachinnapalli,12.6047,78.2494,2021,7.22,1459,0.00,375,235,156,0,,390,58,60,153,4,1.06,,,72.77
W123350077544601,5068,TAMIL NADU,Krishnagiri,KELAMANGALAM,Nagathunai,12.5639,77.9128,2021,7.36,722,0.00,336,71,23,3,,235,54,24,70,5,0.52,,,0.55
W121800078164801,5069,TAMIL NADU,Krishnagiri,KAVERIPATTANAM,Pannandur,12.3013,78.2795,2021,7.25,2930,0.00,305,683,100,39,,660,172,56,256,6,0.47,,,5.54
W124000078013001,5070,TAMIL NADU,Krishnagiri,SOOLAGIRI,Sulagiri,12.6636,78.0122,2021,7.76,2630,0.00,476,384,163,291,,710,184,61,342,4,0.60,,,1.19
W122026078144401,5071,TAMIL NADU,Krishnagiri,KAVERIPATTANAM,Tattarhalli,12.3408,78.2458,2021,7.39,2680,0.00,403,498,94,128,,620,112,83,245,5,1.53,,,4.25
W123535077520501,5072,TAMIL NADU,Krishnagiri,KELAMANGALAM,Virupakshinagar,12.5933,77.8681,2021,7.57,528,0.00,262,28,28,18,,175,52,11,50,4,1.00,,,9.83
W095437076403501,5073,TAMIL NADU,Salem,IDAPADI,Chittoor,11.6467,77.8236,2021,7.80,1001,0.00,439,50,59,18,,380,48,63,30,14,1.54,,,10.00
W095437076403501,5074,TAMIL NADU,Salem,IDAPADI,Chittoor,11.6472,77.8233,2021,7.50,1159,0.00,195,128,139,35,,360,48,58,84,3,1.04,,,8.00
W095437076403501,5075,TAMIL NADU,Salem,IDAPADI,Chittoor,11.6472,77.8233,2021,7.60,845,0.00,189,28,152,6,,310,52,44,37,1,1.48,,,15.00
W095437076403501,5076,TAMIL NADU,Salem,IDAPADI,Chittoor,11.6436,77.8250,2021,7.80,2700,0.00,573,248,522,62,,810,92,141,220,57,1.46,,,24.00
W112945078390001,5077,TAMIL NADU,Salem,GANGAVALLI,Gangavalli,11.4972,78.6458,2021,7.80,1198,0.00,378,142,141,5,,510,44,97,41,3,0.58,,,1.65
W114220077522001,5078,TAMIL NADU,Salem,NANGAVALLI,Jalakandapuram,11.7003,77.8753,2021,7.20,2460,0.00,732,291,204,30,,610,32,129,238,43,1.47,,,35.00
W113400077540001,5079,TAMIL NADU,Salem,KONGANAPURAM,Konganapuram,11.5706,77.8989,2021,7.80,1050,0.00,214,78,125,33,,360,56,53,40,6,1.54,,,7.50
W113400077540001,5080,TAMIL NADU,Salem,KONGANAPURAM,Konganapuram,11.5706,77.8992,2021,7.90,2470,0.00,659,340,201,40,,560,32,117,268,17,1.40,,,2.56
W081910077063001,5081,TAMIL NADU,Salem,KOLATHUR,Kulathur,11.8350,77.7483,2021,7.70,1273,0.00,366,113,145,63,,540,72,87,43,0,0.87,,,0.00
W113500077473001,5082,TAMIL NADU,Salem,SANGAGIRI,Kullampatti,11.5706,77.7922,2021,7.90,1621,0.00,500,106,158,25,,290,44,44,221,2,1.15,,,25.50
W124840079235001,5083,TAMIL NADU,Salem,AYOTHIYAPATTINAM,Mecheri,11.8350,75.8414,2021,7.60,2520,0.00,500,390,155,62,,945,36,208,152,7,0.99,,,1.99
W114530077534501,5084,TAMIL NADU,Salem,NANGAVALLI,Nangavalli,11.7578,77.8933,2021,7.70,427,0.00,171,50,19,3,,150,24,22,31,24,0.51,,,0.92
W113530078064101,5085,TAMIL NADU,Salem,VEERAPANDY,Pincheyai kodu,11.5925,78.1092,2021,7.70,3250,0.00,512,603,112,60,,540,48,102,349,5,0.77,,,2.02
W112204075570101,5086,TAMIL NADU,Salem,THALAIVASAL,Puthur,11.6264,78.7833,2021,7.60,3660,0.00,317,510,626,72,,1160,104,219,172,18,0.57,,,11.35
W114000078093001,5087,TAMIL NADU,Salem,SALEM,Salem Bankhouse,11.6703,78.1564,2021,7.70,1328,0.00,451,113,82,50,,510,72,80,76,1,0.62,,,1.76
W112615078300001,5088,TAMIL NADU,Salem,GANGAVALLI,Sendarpatti,11.4381,78.5242,2021,7.40,1060,0.00,433,85,82,22,,430,60,68,26,35,0.30,,,0.57
W113330078053001,5089,TAMIL NADU,Salem,PANAMARATHUPATTI,Sevantampatti,11.5653,78.0886,2021,7.50,6710,0.00,427,1340,402,71,,1130,124,199,618,21,0.97,,,12.60
W115200078051501,5090,TAMIL NADU,Salem,KADAYAAMPATTI,Tivettipatti,11.8342,78.0839,2021,7.80,2970,0.00,677,347,283,68,,610,48,119,312,1,1.39,,,1.80
W113845078244501,5091,TAMIL NADU,Salem,VALAPADY,Valappadi,11.6572,78.3953,2021,7.70,1329,0.00,366,163,91,76,,480,84,66,77,5,0.29,,,1.84
W095745077270001,5092,TAMIL NADU,Salem,VEERAPANDY,Veerapandi,11.5736,78.0728,2021,7.50,673,0.00,146,89,28,9,,220,44,27,24,1,0.21,,,0.40
W113045078054501,5093,TAMIL NADU,Salem,VENNANDUR,Vennandur,11.5147,78.0917,2021,7.80,1208,0.00,476,110,86,38,,360,52,56,110,4,0.69,,,0.21
W114700078124001,5094,TAMIL NADU,Salem,YERCAUD,Yercaud,11.7742,78.2094,2021,6.90,263,0.00,12,170,8,22,,210,16,41,18,6,0.11,,,0.21
W095945077374501,5095,TAMIL NADU,Theni,ANDIPATTI,Andipatti2,9.9958,77.6292,2021,7.90,677,0.00,183,74,38,50,,235,30,39,46,3,1.02,,,2.87
W095413077372401,5096,TAMIL NADU,Theni,KADAMALAIKUNDRU,Balakombai,9.9036,77.6233,2021,7.73,1250,0.00,244,170,144,56,,475,42,90,69,6,1.82,,,1.48
W100910077393001,5097,TAMIL NADU,Theni,PERIYAKULAM,Devadanapatti,10.1528,77.6583,2021,7.83,1450,0.00,641,110,34,9,,410,94,43,143,4,0.59,,,2.69
W095530077323001,5098,TAMIL NADU,Theni,KADAMALAIKUNDRU,Erasakkanaayakanur,9.9250,77.5417,2021,7.80,570,0.00,73,85,48,59,,200,44,22,39,4,0.37,,,0.08
W095506077311801,5099,TAMIL NADU,Theni,KADAMALAIKUNDRU,Gandamanur,9.9183,77.5217,2021,7.40,2830,0.00,409,656,48,184,,840,84,153,276,9,1.41,,,7.61
W095930077261001,5100,TAMIL NADU,Theni,THENI,Kodangipatti,9.9917,77.4361,2021,7.93,1566,0.00,513,138,91,112,,325,70,36,212,8,0.64,,,1.16
W100556077341806,5101,TAMIL NADU,Theni,PERIYAKULAM,Myladumparai dw,10.0989,77.5717,2021,7.52,1233,0.00,415,135,38,50,,355,72,43,117,6,0.84,,,7.21
W095745077341001,5102,TAMIL NADU,Theni,ANDIPATTI,Okkaraipatti,9.9625,77.5694,2021,7.58,2630,0.00,366,532,154,174,,1040,212,124,138,3,0.99,,,10.76
W100715077330001,5103,TAMIL NADU,Theni,PERIYAKULAM,Periyakulam,10.1208,77.5500,2021,8.00,250,0.00,67,18,38,1,,50,4,10,35,1,0.36,,,0.40
W095621077180602,5104,TAMIL NADU,Theni,CHINNAMANUR,Ramakrishnapuram pz,9.9392,77.3017,2021,7.80,545,0.00,244,18,29,31,,200,50,18,35,5,0.98,,,0.66
W100140077283001,5105,TAMIL NADU,Theni,THENI,Theni2,10.0278,77.4750,2021,7.60,150,0.00,43,18,19,1,,40,8,5,16,0,0.29,,,0.02
W094830077200001,5106,TAMIL NADU,Theni,UTHAMPALAYAM,Uttamapalayam,9.8083,77.3333,2021,7.91,160,0.00,43,11,19,13,,40,10,4,16,4,0.10,,,0.32
W094408077311301,5107,TAMIL NADU,Theni,KADAMALAIKUNDRU,Varusandu pz,9.7358,77.5203,2021,7.75,540,0.00,244,28,34,5,,200,48,19,32,3,0.71,,,1.14
W095745077270001,5108,TAMIL NADU,Theni,THENI,Veerapandi,9.9625,77.4500,2021,7.87,890,0.00,397,28,48,29,,310,64,36,60,4,0.72,,,0.72
W121530078394501,5109,TAMIL NADU,Thiruvannamalai,PERANAMBUT,Anandavadi,12.8572,78.6575,2021,7.20,1530,0.00,634,135,35,20,,300,24,58,186,2,1.76,,,7.02
W124236079131101,5110,TAMIL NADU,Thiruvannamalai,ARANI,Ariyapadi,12.7125,79.2231,2021,7.51,1447,0.00,268,184,170,22,,340,52,51,124,4,0.80,,,15.48
W123100079080001,5111,TAMIL NADU,Thiruvannamalai,POLUR,Bagmarpet,12.5397,79.1522,2021,7.10,925,0.00,256,78,25,37,,260,44,36,42,3,0.56,,,8.13
W122800079200001,5112,TAMIL NADU,Thiruvannamalai,CHETPET,Chetput,12.4658,79.3497,2021,7.30,1843,0.00,451,241,92,28,,500,64,83,112,7,0.57,,,2.85
W122609079250501,5113,TAMIL NADU,Thiruvannamalai,PERNAMALLUR,Eendal,12.4361,79.4181,2021,7.80,692,0.00,268,35,5,14,,240,52,27,20,4,0.37,,,0.00
W120748079052401,5114,TAMIL NADU,Thiruvannamalai,TIRUVANNAMALAI,Kattampundi OW,12.1267,79.0856,2021,7.43,1736,0.00,165,323,271,56,,440,108,41,180,6,1.01,,,4.17
W120252075210001,5115,TAMIL NADU,Thiruvannamalai,POLUR,Kuppam,12.7236,79.1256,2021,7.30,2580,0.00,488,404,186,111,,650,132,78,245,5,0.88,,,6.78
W122530079084801,5116,TAMIL NADU,Thiruvannamalai,KALASAPAKKAM,Ladavaram,12.4250,79.1467,2021,7.40,1485,0.00,165,284,119,53,,450,108,44,106,3,0.47,,,4.80
W121230078423001,5117,TAMIL NADU,Thiruvannamalai,CHENGAM,Melravandavadi,12.2072,78.7036,2021,7.80,1192,0.00,195,135,118,86,,560,148,46,8,2,0.28,,,2.80
W124600079160001,5118,TAMIL NADU,Thiruvannamalai,ARANI,Mullandram,12.7828,79.2558,2021,7.50,1073,0.00,207,103,121,39,,280,68,27,73,3,0.55,,,2.95
W124236079333601,5119,TAMIL NADU,Thiruvannamalai,CHEYYAR,Nedumpirai OW,12.7078,79.5611,2021,7.08,5580,0.00,207,1418,304,74,,960,184,122,737,19,1.63,,,1.77
W124236079333601,5120,TAMIL NADU,Thiruvannamalai,CHEYYAR,Nedumpirai OW,12.7078,79.5611,2021,7.08,5580,0.00,207,1418,304,74,,960,184,122,737,19,1.63,,,1.77
W121600078563001,5121,TAMIL NADU,Thiruvannamalai,CHENGAM,Pachal,12.2692,78.9436,2021,7.30,2320,0.00,329,340,144,185,,620,92,95,154,13,0.60,,,3.72
W123206079070801,5122,TAMIL NADU,Thiruvannamalai,POLUR,Polur,12.4886,79.1244,2021,7.20,1309,0.00,415,121,40,19,,350,64,46,74,7,0.36,,,1.78
W122140078524501,5123,TAMIL NADU,Thiruvannamalai,OLAKKUR,Pudupalayam,12.3592,79.6022,2021,7.70,1366,0.00,549,142,136,43,,640,40,131,88,2,0.81,,,3.33
W120915078564501,5124,TAMIL NADU,Thiruvannamalai,THANDRAMPET,Thandarampattu,12.1556,78.9433,2021,7.30,1384,0.00,244,177,41,42,,420,116,32,25,7,0.37,,,2.49
W120630078501501,5125,TAMIL NADU,Thiruvannamalai,VANUR,Thanipadi,12.1086,79.8356,2021,7.40,2260,0.00,488,340,40,26,,610,124,73,110,48,0.35,,,1.45
W084545077382501,5126,TAMIL NADU,Tirunelveli,MANUR,Abishekapatti,8.7625,77.6403,2021,7.47,1626,0.00,305,340,16,13,,490,96,61,120,47,0.66,,,1.32
W084730077260001,5127,TAMIL NADU,Tirunelveli,KADAYAM,Alwarkurichi,8.7917,77.4333,2021,7.59,1444,0.00,549,142,36,48,,410,84,49,109,55,0.60,,,1.08
W084310077261001,5128,TAMIL NADU,Tirunelveli,AMBASAMUDRAM,Ambasamudram,8.7194,77.4361,2021,7.00,749,0.00,378,64,18,41,,200,40,24,97,31,0.45,,,0.72
W084310077261001,5129,TAMIL NADU,Tirunelveli,AMBASAMUDRAM,Ambasamudram,8.7194,77.4361,2021,7.60,402,0.00,159,21,40,22,,150,40,12,24,3,0.37,,,0.00
W081000077370001,5130,TAMIL NADU,Tirunelveli,VALLIYOOR,Chettikulam,8.1667,77.6167,2021,7.20,4850,0.00,220,1014,282,74,,1230,284,126,422,19,1.58,,,9.78
W091000077240001,5131,TAMIL NADU,Tirunelveli,VASUDEVANALLUR,Chintamani,9.1667,77.4000,2021,7.74,2680,0.00,805,369,132,68,,750,172,78,286,62,0.46,,,5.81
W083200077275501,5132,TAMIL NADU,Tirunelveli,KALAKADU,Idaikkal,8.5333,77.4653,2021,7.54,951,0.00,366,106,22,31,,350,80,36,53,7,0.34,,,0.00
W084011077270001,5133,TAMIL NADU,Tirunelveli,AMBASAMUDRAM,Iyan Singampatty (Vairavikulam,8O.6W708,77.4456,2021,7.50,296,0.00,67,43,5,11,,100,16,15,14,3,0.55,,,BDL
W090400077204501,5134,TAMIL NADU,Tirunelveli,KADAYANALLUR,Kadayanallur,9.0667,77.3458,2021,7.16,3220,0.00,390,723,91,86,,1130,272,109,132,28,0.49,,,4.47
W090400077204501,5135,TAMIL NADU,Tirunelveli,KADAYANALLUR,Kadayanallur,9.0667,77.3458,2021,7.40,3520,0.00,427,603,307,80,,660,116,90,356,30,1.41,,,3.47
W082850077355501,5136,TAMIL NADU,Tirunelveli,KALAKADU,Kalakadu,8.4972,77.5986,2021,7.50,1028,0.00,189,142,93,42,,380,84,41,44,8,1.21,,,5.38
W083045077323001,5137,TAMIL NADU,Tirunelveli,KALAKADU,Kalakkadu,8.5125,77.5417,2021,7.72,418,0.00,244,50,6,11,,210,20,39,10,34,0.15,,,0.00
W190400075190001,5138,TAMIL NADU,Tirunelveli,MANUR,Manur,8.8625,77.6528,2021,7.56,1760,0.00,378,298,43,16,,420,64,63,177,6,1.31,,,1.96
W083412077420001,5139,TAMIL NADU,Tirunelveli,NANGUNERI,Mayaneri (Karuppukatti) OW,8.5711,77.7011,2021,7.40,488,0.00,281,21,6,7,,240,44,32,20,1,0.98,,,1.34
W081900077344502,5140,TAMIL NADU,Tirunelveli,VALLIYOOR,Molaikkaraipatti,8.3167,77.5792,2021,7.60,1306,0.00,299,163,115,54,,430,120,32,76,3,0.66,,,1.98
W084405077311501,5141,TAMIL NADU,Tirunelveli,PAPPAKUDI,Mukkudal,8.7347,77.5208,2021,7.80,3020,0.00,732,397,230,63,,390,44,68,475,7,1.50,,,4.67
W092955077420001,5142,TAMIL NADU,Tirunelveli,SRIVILLIPUTHUR,Mullikulam,9.4986,77.7000,2021,7.48,2450,0.00,549,355,52,46,,560,104,73,157,50,0.62,,,2.40
W081836077513501,5143,TAMIL NADU,Tirunelveli,RADHAPURAM,Muthumottamozhi OW,8.3086,77.8603,2021,7.20,335,0.00,146,14,9,7,,155,32,18,5,3,1.15,,,BDL
W083200077473001,5144,TAMIL NADU,Tirunelveli,NANGUNERI,N.Vijayanarayanam,8.5333,77.7917,2021,7.50,1191,0.00,287,142,116,44,,280,68,27,113,10,0.79,,,2.17
W090706077364501,5145,TAMIL NADU,Tirunelveli,MELANEELITHANALLUR,P.chatram,9.1183,77.6125,2021,7.64,1233,0.00,256,156,28,81,,380,72,49,52,8,0.12,,,1.92
W084400077440001,5146,TAMIL NADU,Tirunelveli,TIRUNELVELI CORPORATION,Palayamkottai,8.7333,77.7333,2021,7.50,245,0.00,85,14,28,16,,110,16,17,5,7,0.10,,,0.13
W090100077151001,5147,TAMIL NADU,Tirunelveli,TENKASI,Panpoli,9.0167,77.2528,2021,7.60,1261,0.00,342,121,138,43,,360,40,63,125,39,0.91,,,1.37
W105530079163001,5148,TAMIL NADU,Tirunelveli,AMBASAMUDRAM,Papanasam,8.7111,77.3681,2021,7.40,575,0.00,226,78,2,38,,170,40,17,45,46,0.54,,,0.00
W085532077211501,5149,TAMIL NADU,Tirunelveli,KEELAPAVOOR,R.pattinam,8.9256,77.3542,2021,7.67,1630,0.00,488,199,10,28,,470,84,63,72,51,0.54,,,0.62
W092025077254001,5150,TAMIL NADU,Tirunelveli,VASUDEVANALLUR,Sivagiri,9.3403,77.4278,2021,7.55,2340,0.00,573,220,126,167,,300,52,41,200,187,1.26,,,1.16
W085211077314801,5151,TAMIL NADU,Tirunelveli,ALANKULAM,Sivalarkulam OW,8.8692,77.5292,2021,7.40,4260,0.00,281,978,315,119,,1310,164,219,304,24,0.91,,,12.50
W084445077420001,5152,TAMIL NADU,Tirunelveli,TIRUNELVELI CORPORATION,Tachchnallur,8.7458,77.7000,2021,7.60,5700,0.00,805,1227,240,92,,1720,344,209,449,24,1.75,,,18.42
W085730077183001,5153,TAMIL NADU,Tirunelveli,TENKASI,Tenkasi,9.0317,77.2717,2021,7.80,801,0.00,250,57,130,41,,290,68,29,56,1,0.95,,,0.21
W081948077371201,5154,TAMIL NADU,Tirunelveli,VALLIYOOR,Therkuvalliyur OW,8.3331,77.6239,2021,7.40,3200,0.00,329,645,287,41,,700,124,95,319,13,1.34,,,3.24
W085237077204501,5155,TAMIL NADU,Tirunelveli,KEELAPAVOOR,Thiraviyarnagar,8.8769,77.3458,2021,7.83,647,0.00,311,21,4,26,,270,76,19,4,5,1.64,,,0.00
W081515077453001,5156,TAMIL NADU,Tirunelveli,RADHAPURAM,Tiruvembalapuram,8.2542,77.7583,2021,7.30,3580,0.00,281,723,200,21,,910,148,131,269,12,1.02,,,11.19
W081348077431101,5157,TAMIL NADU,Tirunelveli,RADHAPURAM,Udayattur A/B OW,8.2325,77.7206,2021,7.80,2360,0.00,305,503,147,13,,610,116,78,204,10,1.54,,,2.41
W082120077393001,5158,TAMIL NADU,Tirunelveli,RADHAPURAM,Valliyoor,8.3556,77.6583,2021,7.92,933,0.00,232,106,36,56,,260,40,39,68,27,0.46,,,1.43
W082310077370001,5159,TAMIL NADU,Tirunelveli,VALLIYOOR,Valliyur,8.3861,77.6167,2021,7.30,2760,0.00,256,319,462,53,,600,144,58,261,13,0.58,,,6.03
W083940077373001,5160,TAMIL NADU,Tirunelveli,CHERANMAHADEVI,Vannikonendal,8.6611,77.6250,2021,7.43,2950,0.00,329,362,312,122,,790,120,119,223,13,0.90,,,4.89
W090523077262301,5161,TAMIL NADU,Tirunelveli,SANKARANKOIL,Virasikhamani OW,9.0919,77.4447,2021,7.50,2280,0.00,317,404,191,111,,630,88,100,179,2,0.68,,,4.18
W130345079514501,5162,TAMIL NADU,Tiruvallur,POONAMALLE,Andersonpet,13.0778,80.0259,2021,7.55,449,0.00,110,92,14,3,,150,44,10,32,3,0.69,,,0.17
W111400077063001,5163,TAMIL NADU,Tiruvallur,POONAMALLE,Annur,13.1104,80.1211,2021,7.21,1956,0.00,635,284,20,55,,600,100,85,139,42,0.70,,,7.91
W124055079165801,5164,TAMIL NADU,Tiruvallur,SHOLAVARAM,Arani,13.3288,80.0766,2021,7.31,1170,0.00,433,142,27,8,,210,28,34,161,3,0.83,,,9.92
W131545080172501,5165,TAMIL NADU,Tiruvallur,MINJUR,Attipattu,13.2608,80.2861,2021,7.24,3450,0.00,348,859,198,3,,900,216,88,361,14,0.46,,,3.60
W131205080090901,5166,TAMIL NADU,Tiruvallur,PUZHAL,Ennur Talaikuppam,13.2276,80.3255,2021,7.60,1354,0.00,67,426,9,1,,120,36,7,245,7,0.11,,,0.50
W132400080080002,5167,TAMIL NADU,Tiruvallur,GUMMIDIPOONDI,Gummidipoondi,13.4156,80.1300,2021,7.62,1409,0.00,238,199,182,39,,440,56,73,96,34,0.71,,,1.64
W130834080054801,5168,TAMIL NADU,Tiruvallur,VILLIVAKKAM,Kovilpathagai,13.1449,80.1042,2021,7.36,894,0.00,122,195,22,45,,230,64,17,84,9,0.44,,,0.21
W130400079580001,5169,TAMIL NADU,Tiruvallur,POONAMALLE,Mettukandigai,13.0957,79.9916,2021,7.16,3020,0.00,336,696,204,11,,1000,248,92,224,8,1.31,,,0.70
W131619080154601,5170,TAMIL NADU,Tiruvallur,MINJUR,Minjur,13.2705,80.2631,2021,7.23,3120,0.00,262,880,51,5,,960,248,83,270,1,0.57,,,1.12
W131600080164503,5171,TAMIL NADU,Tiruvallur,MINJUR,Nandiambakkam,13.2714,80.2780,2021,7.40,3760,0.00,397,973,121,6,,1100,248,117,357,10,0.26,,,1.16
W131905079574501,5172,TAMIL NADU,Tiruvallur,ELLAPURAM,Palavakkam,13.3169,79.9625,2021,7.21,1039,0.00,342,124,24,51,,210,40,27,120,34,0.75,,,6.11
W130715080034201,5173,TAMIL NADU,Tiruvallur,POONAMALLE,Pattabiram,13.1197,80.0704,2021,7.63,1701,0.00,238,241,305,28,,410,72,56,197,10,1.10,,,3.31
W131948080114401,5174,TAMIL NADU,Tiruvallur,MINJUR,Ponneri,13.3225,80.1837,2021,7.59,810,0.00,262,135,12,11,,240,52,27,80,1,0.88,,,2.84
W131314080100401,5175,TAMIL NADU,Tiruvallur,SHOLAVARAM,Sholavaram,13.2311,80.1691,2021,7.12,1338,0.00,476,178,24,4,,225,28,38,200,1,1.21,,,8.37
W130345080034501,5176,TAMIL NADU,Tiruvallur,POONAMALLE,Tirumazhisai,13.0588,80.0524,2021,7.45,972,0.00,329,142,14,6,,280,52,36,96,4,1.14,,,0.43
W130730079460001,5177,TAMIL NADU,Tiruvallur,THIRUVALANGADU,Tiruvalangadu,13.1313,79.7794,2021,7.67,1371,0.00,445,178,39,75,,370,88,36,154,4,0.96,,,3.86
W130830079544501,5178,TAMIL NADU,Tiruvallur,TIRUVALLUR,Tiruvallur,13.1357,79.9090,2021,7.31,2410,0.00,488,476,103,2,,630,100,92,260,2,1.20,,,5.20
W130412080074401,5179,TAMIL NADU,Tiruvallur,VILLIVAKKAM,Tiruverkadu,13.0670,80.1366,2021,7.10,1741,0.00,415,263,127,21,,480,132,36,163,7,0.79,,,2.82
W084404077551001,5180,TAMIL NADU,Tuticorin,KARUNGULAM,Devachayalpuram,8.7344,77.9194,2021,7.50,1387,0.00,232,184,80,137,,450,100,49,60,11,0.66,,,1.17
W091304077590001,5181,TAMIL NADU,Tuticorin,KOVILPATTI,Ettayapuram,9.2178,77.9833,2021,7.30,4350,0.00,244,581,670,114,,1060,248,107,315,172,1.10,,,15.70
W115400079030001,5182,TAMIL NADU,Tuticorin,RISHIVANDIYAM,Kadambur,11.9000,79.0500,2021,7.00,340,0.00,98,21,11,28,,100,20,12,15,2,0.37,,,1.20
W090855077430001,5183,TAMIL NADU,Tuticorin,KAYATHAR,Kalugumalai,9.1444,77.7056,2021,7.60,773,0.00,195,78,30,42,,190,52,15,78,1,0.44,,,1.06
W090855077430001,5184,TAMIL NADU,Tuticorin,KAYATHAR,Kalugumalai,9.1486,77.7167,2021,7.80,1158,0.00,439,99,118,32,,340,72,39,112,30,0.28,,,3.50
W090900078100001,5185,TAMIL NADU,Tuticorin,VILATHIKULAM,Karisalkulam,9.1500,78.1667,2021,7.80,1828,0.00,537,213,131,25,,270,36,44,310,8,1.55,,,3.96
W085640077463001,5186,TAMIL NADU,Tuticorin,KAYATHAR,Kayattar,8.9444,77.7750,2021,7.30,1550,0.00,366,227,131,28,,405,36,77,140,12,1.16,,,1.40
W082400078031501,5187,TAMIL NADU,Tuticorin,THOOTHUKUDI,Kulasekharaptnm,8.4000,78.5181,2021,7.70,1400,0.00,421,85,148,93,,390,88,41,81,66,0.50,,,2.33
W085550078053001,5188,TAMIL NADU,Tuticorin,OTTAPIDARAM,Kurukkuchali,8.9306,78.0917,2021,7.10,8440,0.00,921,1468,531,116,,2180,604,163,752,17,1.19,,,125.00
W085200077540001,5189,TAMIL NADU,Tuticorin,KARUNGULAM,Maniyachi,8.8333,77.8958,2021,7.00,835,0.00,342,43,35,15,,230,48,27,56,57,0.40,,,0.78
W091400078075001,5190,TAMIL NADU,Tuticorin,PUDUR,Nagalapuram,9.2333,78.1306,2021,7.50,1181,0.00,238,170,59,50,,240,80,10,124,26,0.70,,,1.98
W083900077570001,5191,TAMIL NADU,Tuticorin,SRIVAIKUNDAM,Petmanagar,8.6500,77.9500,2021,7.50,3820,0.00,268,837,113,117,,1190,192,173,163,52,0.54,,,12.20
W091849078081001,5192,TAMIL NADU,Tuticorin,PUDUR,Pudur,9.3128,78.1361,2021,8.20,2720,0.00,1025,85,188,136,,100,16,15,534,13,1.74,,,31.00
W082945077500001,5193,TAMIL NADU,Tuticorin,ALWARTHIRUNAGARI,Saidunganallur,8.4958,77.8333,2021,7.50,800,0.00,244,64,39,26,,255,64,23,32,12,0.30,,,2.48
W083630077510001,5194,TAMIL NADU,Tuticorin,KARUNGULAM,Thailapuram,8.6083,77.8500,2021,7.40,2350,0.00,232,418,113,143,,750,168,80,91,16,0.40,,,11.58
W082940078072001,5195,TAMIL NADU,Tuticorin,OTTAPIDARAM,Tiruchendur-e,8.4944,79.2000,2021,7.60,3580,0.00,439,546,245,151,,510,96,66,376,189,0.18,,,22.60
W082945078071501,5196,TAMIL NADU,Tuticorin,TIRUCHENDUR,Tiruchendur-w,8.4958,78.1208,2021,7.80,1435,0.00,354,241,12,23,,320,68,36,155,21,0.23,,,1.92
W091930078045501,5197,TAMIL NADU,Tuticorin,PUDUR,Vembur,9.3250,78.0792,2021,7.80,1600,0.00,336,184,64,93,,640,148,66,30,17,0.40,,,7.10
W090330077510001,5198,TAMIL NADU,Tuticorin,KAYATHAR,Villiseri,9.0583,77.8500,2021,7.40,7520,0.00,329,794,2160,52,,3105,376,526,420,38,1.52,,,9.00
W123720078450001,5199,TAMIL NADU,Vellore,ALANGAYAM,Alangayam,12.6244,78.7528,2021,8.29,2340,0.00,385,290,10,53,,530,72,85,72,21,0.80,,,2.15
W122745078280001,5200,TAMIL NADU,Vellore,MADHANUR,Alankuppam,12.7542,78.6975,2021,8.03,2070,0.00,278,510,45,46,,485,92,62,241,32,1.42,,,3.94
W125745079171501,5201,TAMIL NADU,Vellore,WALAJAH,Avarakarai,12.9433,79.2869,2021,7.87,3255,0.00,439,696,56,16,,680,168,63,350,2,0.65,,,19.60
W123805078361401,5202,TAMIL NADU,Vellore,JOLARPET,Chinnakallupalli,12.6350,78.6039,2021,8.48,1192,30.00,370,285,40,9,,630,92,97,29,19,0.51,,,1.49
W124548078501901,5203,TAMIL NADU,Vellore,MADHANUR,Chinnapallikuppam,12.7653,78.8386,2021,8.44,1187,24.00,305,216,24,19,,400,120,24,83,8,0.15,,,5.75
W125430079213001,5204,TAMIL NADU,Vellore,WALAJAH,Devadanam,12.9094,79.3617,2021,7.93,1865,0.00,323,362,96,45,,660,78,113,115,5,0.82,,,7.00
W125815077381501,5205,TAMIL NADU,Vellore,JOLARPET,Indiranagar,12.5458,78.5761,2021,8.51,2340,18.00,360,290,10,53,,530,72,85,72,21,0.80,,,3.67
W125736079063501,5206,TAMIL NADU,Vellore,KATPADI,Jaffrapet OW,12.9597,79.1125,2021,8.11,2448,0.00,360,280,557,40,,350,40,61,428,8,0.40,,,3.60
W122840078272001,5207,TAMIL NADU,Vellore,KANDHILI,Kandili,12.4797,78.4514,2021,7.30,3170,0.00,366,560,288,82,,730,124,102,368,1,1.53,,,11.10
W125848079371201,5208,TAMIL NADU,Vellore,NEMILI,Kariyakudal,12.9897,79.6178,2021,7.29,3060,0.00,303,710,108,42,,790,192,75,233,5,1.56,,,6.00
W125211078453601,5209,TAMIL NADU,Vellore,PERANAMBUT,Karkur OW,12.8747,78.7597,2021,8.37,776,30.00,293,71,44,20,,250,40,36,51,23,0.66,,,11.19
W131657074445401,5210,TAMIL NADU,Vellore,KATPADI,Katpadi,12.9750,79.1208,2021,8.15,1352,0.00,427,220,7,19,,500,34,101,78,8,0.22,,,12.60
W123440078484501,5211,TAMIL NADU,Vellore,ALANGAYAM,Kavalur,12.5775,78.8119,2021,8.47,1123,30.00,366,145,34,6,,135,32,13,189,10,1.12,,,1.65
W173540080430001,5212,TAMIL NADU,Vellore,KANIYAMPADI,Kesavapuram,12.8525,79.1097,2021,7.40,4480,0.00,561,737,435,68,,930,84,175,548,1,1.41,,,16.00
W124615078530001,5213,TAMIL NADU,Vellore,ANAIKATTU,Odugathur,12.7725,78.8789,2021,8.21,1715,0.00,622,225,43,19,,415,64,62,184,5,0.82,,,3.98
W125415078563001,5214,TAMIL NADU,Vellore,ANAIKATTU,Pallikonda,12.9014,78.9456,2021,8.41,934,24.00,232,154,28,30,,310,72,32,71,12,0.62,,,2.25
W125415078563001,5215,TAMIL NADU,Vellore,ANAIKATTU,Pallikonda,12.9042,78.9417,2021,8.25,1612,0.00,586,263,43,23,,490,88,66,170,3,0.33,,,6.80
W122220078352001,5216,TAMIL NADU,Vellore,PERANAMBUT,Perambattu,12.9431,78.7233,2021,8.19,2880,0.00,495,517,96,42,,630,92,97,294,17,1.74,,,5.46
W125615078433001,5217,TAMIL NADU,Vellore,PUDUPALAYAM,Pernambattu,12.3792,78.8472,2021,7.99,3210,0.00,403,657,250,105,,1210,188,180,186,5,1.78,,,31.00
W124330078393001,5218,TAMIL NADU,Vellore,MADHANUR,Sangilikuppam,12.7189,78.6619,2021,8.01,5650,0.00,488,1602,130,74,,1300,128,238,718,7,0.41,,,16.00
W125700078562301,5219,TAMIL NADU,Vellore,K.V.KUPPAM,Sennarayanapalle,12.9578,78.9103,2021,8.18,914,0.00,210,192,18,55,,255,80,13,85,16,0.70,,,21.30
W125120078500001,5220,TAMIL NADU,Vellore,MADHANUR,Thottalam,12.8622,78.8347,2021,8.45,740,18.00,158,149,12,24,,230,52,24,62,4,1.01,,,0.59
W125720078594001,5221,TAMIL NADU,Vellore,K.V.KUPPAM,Veppaneri,12.9569,78.9956,2021,7.86,2825,0.00,495,517,96,42,,630,92,97,294,17,0.53,,,16.00
W120615079443001,5222,TAMIL NADU,Villupuram,VANUR,Kiliyanur,12.1042,79.7417,2021,8.15,818,0.00,329,89,35,7,,325,66,39,46,2,0.00,,,0.44
W120530079540001,5223,TAMIL NADU,Villupuram,MARAKKANAM,Kunimedu,12.0917,79.9000,2021,7.86,1878,0.00,207,341,274,2,,220,28,36,317,26,0.19,,,0.21
W121230079573001,5224,TAMIL NADU,Villupuram,MARAKKANAM,Marakkanam,12.2083,79.9583,2021,6.19,643,0.00,250,57,23,0,,200,72,5,46,8,0.00,,,0.40
W092623077322401,5225,TAMIL NADU,Virudhunagar,RAJAPALAYAM,Ammayappapuram,9.4400,77.5369,2021,7.50,2860,0.00,329,709,120,36,,820,128,122,329,23,0.80,,,4.47
W125430079213001,5226,TAMIL NADU,Virudhunagar,RAJAPALAYAM,Devadanam,9.3833,77.4656,2021,7.60,2320,0.00,598,255,101,168,,580,56,107,204,57,0.92,,,2.85
W093600077450001,5227,TAMIL NADU,Virudhunagar,WATRAP,Nathampatti OW (Ammapatti),9.6042,77.7486,2021,8.10,1026,0.00,598,28,119,10,,250,40,36,172,2,1.15,,,4.66
W093400078043001,5228,TAMIL NADU,Virudhunagar,ARUPPUKOTTAI,Palavanatham,9.5667,78.0750,2021,7.70,2450,0.00,378,560,245,80,,990,156,146,252,7,0.51,,,6.38
W093315078003001,5229,TAMIL NADU,Virudhunagar,ARUPPUKOTTAI,Palavanattam,9.5542,78.0083,2021,7.40,1000,0.00,415,78,80,25,,330,76,34,70,19,0.34,,,0.80
W092924077554801,5230,TAMIL NADU,Virudhunagar,VIRUDHUNAGAR,Pattampudur OW,9.4914,77.9336,2021,8.20,1185,0.00,390,57,113,10,,260,64,24,112,3,1.80,,,8.63
W093330077573001,5231,TAMIL NADU,Virudhunagar,VIRUDHUNAGAR,Sevalpatti,9.5583,77.9583,2021,7.70,940,0.00,281,128,112,54,,390,72,51,103,12,0.67,,,1.35
W093040078115001,5232,TAMIL NADU,Virudhunagar,TIRUCHULI,Tamilpadi,9.5111,78.1972,2021,7.90,2090,0.00,781,177,63,34,,370,68,49,240,28,1.88,,,3.58
W093039077451801,5233,TAMIL NADU,Virudhunagar,SIVAKASI,Vadapatti,9.5108,77.7550,2021,7.70,2620,0.00,464,291,333,34,,600,76,100,250,5,1.76,,,11.54
W092501077450201,5234,TAMIL NADU,Virudhunagar,SIVAKASI,Vilampatti,9.4169,77.7506,2021,7.60,643,0.00,256,43,18,36,,300,48,44,17,6,0.72,,,0.56
W093500077571501,5235,TAMIL NADU,Virudhunagar,VIRUDHUNAGAR,Virudunagar,9.5833,77.9542,2021,7.40,4710,0.00,561,737,321,42,,720,84,124,580,5,1.41,,,7.81
W100001076442601,5236,TAMIL NADU,Madurai,MADURAI WEST,Kadavoor,10.0786,78.1742,2021,7.84,950,0.00,329,96,54,23,,375,64,52,40,6.8,1.01,,,2.32
W094748078053501,5237,TAMIL NADU,Madurai,TIRUPARANKUNRAM,Eliyarpathi,9.7969,78.0933,2021,7.84,1796,0.00,390,284,20,174,,680,136,83,93,3.4,0.85,,,1.82
W094815078053001,5238,TAMIL NADU,Madurai,TIRUPARANKUNRAM,Valayankulam,9.8042,78.0917,2021,7.63,1009,0.00,207,164,27,84,,360,68,46,51,0.72,0.13,,,0.45
W095011078032401,5239,TAMIL NADU,Madurai,TIRUPARANKUNRAM,Surakulam,9.8364,78.0567,2021,7.77,625,0.00,207,68,32,0.18,,160,28,22,60,3.6,0.4,,,0.54
W095515077530001,5240,TAMIL NADU,Madurai,TIRUMANGALAM,Tirumangalam,9.8239,77.9883,2021,7.28,5960,0.00,451,1337,295,350,,1720,128,340,511,3.1,1.35,,,16.70
W094712078000701,5241,TAMIL NADU,Madurai,TIRUMANGALAM,Keelakottai,9.7867,78.0022,2021,8.19,1653,0.00,854,85,37,39,,170,20,29,350,0.43,2,,,12.74
W093829077582801,5242,TAMIL NADU,Madurai,KALLIGUDI,Avaisuranpatti,9.6417,77.9744,2021,7.57,2810,0.00,659,370,102,99,,500,80,73,320,46,0.7,,,4.00
W094500077403001,5243,TAMIL NADU,Madurai,SEDAPATTI,Sedapatti,9.8244,77.7989,2021,7.49,190,0.00,61,14,15,0.96,,56,14,4.9,9.6,0.33,0.33,,,0.00
W094546077442101,5244,TAMIL NADU,Madurai,SEDAPATTI,Saptur,9.7628,77.7392,2021,7.58,2310,0.00,610,356,102,72,,560,56,102,282,7.1,0.78,,,0.86
W094957077430001,5245,TAMIL NADU,Madurai,SEDAPATTI,T.Ramanathapuram,9.8325,77.7167,2021,7.75,1283,0.00,305,213,33,53,,380,68,51,113,1.1,2.38,,,0.51
W095623077464801,5246,TAMIL NADU,Madurai,SEDAPATTI,Nallathevanpatti OW,9.9366,77.7837,2021,7.65,1685,0.00,378,256,120,36,,570,56,105,155,2.2,0.86,,,4.69
W095226077520501,5247,TAMIL NADU,Madurai,CHELLAMPATTI,Thummakundu,9.8739,77.8678,2021,7.99,658,0.00,366,25,5,6.1,,270,40,41,29,3.7,0.42,,,0.58
W095430078091001,5248,TAMIL NADU,Madurai,MADURAI SOUTH,Madurai South,9.9083,78.1528,2021,7.77,1677,0.00,634,156,138,19,,320,40,54,251,16,1.46,,,3.06
W090333076404501,5249,TAMIL NADU,Madurai,MADURAI EAST,Kunnathur,9.8967,78.2553,2021,7.38,2520,0.00,293,512,135,54,,740,112,112,174,7.1,1,,,1.48
W095445078152501,5250,TAMIL NADU,Madurai,MADURAI EAST,Varichiyur,9.9125,78.2569,2021,7.49,1637,0.00,293,327,70,30,,510,64,85,153,5.4,1.2,,,2.24
W095431078110901,5251,TAMIL NADU,Madurai,MADURAI EAST,Andarkottaram,9.9086,78.1858,2021,7.97,649,0.00,268,43,26,24,,190,36,24,58,2,0.85,,,0.14
W095535078085901,5252,TAMIL NADU,Madurai,TIRUPARANKUNRAM,Melamadai,9.9347,78.1689,2021,7.2,95,0.00,24,5.7,3.5,0.91,,24,6.4,1.9,1.5,0.22,0,,,0.00
W095703078122501,5253,TAMIL NADU,Madurai,TIRUPARANKUNRAM,Thirumogur,9.9511,78.2072,2021,7.5,2880,0.00,378,583,175,62,,520,80,78,341,53,0.79,,,7.38
W095839078114501,5254,TAMIL NADU,Madurai,MADURAI EAST,Thethankulam,9.9772,78.1958,2021,7.64,604,0.00,226,50,31,17,,195,34,27,42,2,0.86,,,1.62